"还能卖3300？那时候我3000买的，退了，血亏 ,都2020了，还有人被厂商洗脑洗魔怔了还在争外挂和集成5g，最开始就是某为在搞事制造舆论，其实根本就没有多大影响，只跟制程有关，制程技术先进，功耗就优秀，外挂集成都不需要考虑 ,双挖真的是低能设计 全面屏的时代丑死了 ,也是鱼啊 你搜那个黑心20一个的 拉到下面就用同款 也是买手机送的 ,下次买华为的   可以告诉她涨价了 ,值，但是我不买，正面我看不下去。 ,2500-2600才是应有的价值，被双挖孔毁了 ,越来越不值钱了。。。[喜极而泣] ,没关系，看水果新机电池容量还下降，如果不是有突破，它应该不会这样降吧 ,功耗和集成不集成没毛关系 ,明年没了麒麟竞争高通价格要翻倍。旗舰机6000起步 ,耗电速度惊人... , 华为才是大黑药丸 ,比k30至尊值 ,原价 ,蓝绿家的系统太烂了 光有配置 软件跟不上 不更新的 ,会员可以减50元，下单了今天就送到手！ ,这种双挖孔丑爆，还不如刘海呢 ,2610买的  ,你不买我不买，双11还能降300 ,另外我有五个 这手机送的原装壳。  618时候买的赠品  20一个  有需要的 鱼我wang1200988 ,这个和x7pro，你买哪个 ,配置是上半年的配置了，和下半年新机比起来没这么香，也和第一代爆款相差甚远。 ,有点难看的样子 ,所以这款不给值,首发给我妈买的，没错她喜欢这个颜色，同配置降了1000了居然，不能告诉她[皱眉] ,我的俩月，锁屏键已经没有回弹反馈 ,摄像头太难受了，双挖孔都是XX ,我会选择小米 ,拼夕夕看了看7.5一个。也有9.9一个的，9.9两个的在哪儿购买呀，想去买 ,贴膜带套我感觉有半斤哈哈哈，不过我男生贼喜欢重点的手机，感觉有质感，轻飘飘的不爽。 ,水果还不是一样用的高通外挂基带 , ，想想还有20期白条要还，我又坚强的从天台爬了下来 , 正在用 ,联发科天玑1000集成5g基带，功耗不也是拉胯 ,其实充电超快不是么？ ,那苹果12那电池，那充电速度。不就插着充电线过日子了 ,5G 下一代集成 功耗估计就好点，现在除了华为是集成，其它外挂都耗电，不建议现在买5G，等双11 估计有不少集成的新机，这种外挂的，活不长 ,用了一个星期了，真别说，除了重，这价位无敌了。另外我不打游戏，打游戏用ipad ,这个是小黑药丸 ,首发给我妈买的，没错她喜欢这个颜色，同配置降了1000了居然，不能告诉她 ,你们买不买呀 ,3000块也是钱啊，还是省点钱留着买iPhone12吧。 ,北京卷2789 6期免息 没买 可惜死了 ,618 最低2500多 ,越来越不值钱了。。。 ,手中的P30不香了。。 ,人家9.9俩，你这不是一般黑啊 ,  ,本来想等双十一换的。现在不等了。觉得还挺香。 ,耗电很快，不过5G手机包括小米10和华为好像也都很快。这样的话充电又显得很重要了 ,这个价格不错 ,这个什么时间的价？北京卷吗 , S20+的我从5月开始看到各种新机已经哭晕在天台 ,买过玩家版的，里面广告巨多，很烦，而且这个之前26xx，北京券 ,618的时候  2699买了5台。  3300卖了 一共挣了3000   然后花29xx买了小米10。    白得了个小米10和几十块     哈哈哈。 ,不说了，小米YES，冲就是了！ ,xdm  ace2怎么样，双杨，90hz，45w，185g，感觉挺好的 ,睁着眼睛说瞎话，完全被华为洗脑的典型。 ,3069入的米10 8+256,不是双挖孔或许会买 ,请问这款与K30 PRO变焦版哪个好？ ,要不是正面的那个大黑药丸就买它了 ,同问，这个是800，而K30至尊是500 ,X7p 8+128 也才2199送耳机啊 ,不懂就问，这个微距和小米那个相比如何？？ ",https://www.smzdm.com/p/24472963/,realme 真我 X50 Pro 智能手机 12GB+256GB
"买买买 , 。。。 ,是近期最低价吗 ,我怎么记得P排是显示精度不行的？ ,P排还不行那你就别买所有a屏的手机了 ",https://www.smzdm.com/p/24501972/,小米10 青春版 5G智能手机 6GB+128GB
"开学了  不会便宜的 ,6.1入了 4099，也行了  嗐 ,开始了吗，一周降100，双十一能到2499 ,3499交个朋友 ,2999，等等党 ,2499已成传说 ,3000入一台 ,原价可是4499呢 ,  ,k20 pro 2999 2499的盛况恐怕不会出现了 ,k30至尊啊 ",https://www.smzdm.com/p/24478079/,Redmi K30 Pro 变焦版 5G智能手机 12GB+512GB
"情怀只值99元 ,情怀也不能这么贩卖吧 ,出4g版就好了 ,请问是5G吗？那4G呢？能手机支付吗？好吧，能上网吗？那我怎么看微信？神马！不能用微信，我买它 ,电信不能用，联通马上关，移动可以冲 ,800要是这价位就好了。。。我的3310 4G就能升级了 ,能支持4g吗？ ,  ,联通已经不能用了 ,2G都复刻，脑子呢 ",https://www.smzdm.com/p/24497291/,NOKIA 诺基亚 5310 复刻版 功能手机
"多谢！好人一生平安！ ,这是不是最差天机1000+ ,狗东2078 ,狗东另一个颜色现在也是2098 ,前两天天猫苏宁2098入手的 ,去售后降级一下系统 然后屏蔽更新 马上流畅 ,没事 屏蔽更新可以用小黑屋APP 降级以后就永远没法升级了 除非恢复出厂 ,VIVO Z1卡出翔…… ,怎么做到啊啊 ,红米感谢你，真是友军，红米就可以无限制的缺货耍猴，毫无顾忌的回归初心 ",https://www.smzdm.com/p/24487520/,百亿补贴 : vivo iQOO Z1 5G 智能手机 8GB+128GB
"说实话降到2499都没多少人买 ,话说我买了乐视后乐视就消失了。之后买了htc u11,htc也消失了。再后来买了锤子R1.确实挺好用，不过现在屏幕拖影厂家没有配件可以维修。    现在。我准备买个魅族。。。。魅族祝你好运！！希望你能坚持久一些。 ,实际是8 128 ,留着当古董 ,天天推，价格都没变  而且标题是12 256,降1000就买 ,早就说other了 ,估计消失了 ,  ,魅族越来越小众，再不努力真要变成others ,话说我买了乐视后乐视就消失了。之后买了htc u11,htc也消失了。再后来买了锤子R1.确实挺好用，不过现在屏幕拖影厂家没有配件可以维修。    现在。我准备买个魅族。。。。魅族祝你好运！！希望你能坚持久一些。[大吃一惊][大吃一惊][大吃一惊] ,前天北京用户3549，现在3849还这么多人点值 ",https://www.smzdm.com/p/24496222/,百亿补贴 : MEIZU 魅族 17 Pro 5G智能手机 8GB+128GB
"这不是邪恶之花里面女主用的手机吗 ,让我想起了之前用过的翻盖手机 ,完爆N20U，真好看 ,不能理财，选择要慎重。 ,  ,手机不离手，折叠纯属找虐。 ",https://www.smzdm.com/p/24499364/,SAMSUNG 三星 Galaxy Z Flip 折叠屏手机 8GB+256GB
"2000可以买个做备用机 ,还能卖3000多，都能买个安卓旗舰了 ,49年入清军 ,2000可以买个2手做主力机型 ,还有跑马边框 ,吧 ,电子,三千能买啥安卓旗舰啊 安卓电子,  ,这是64G的价，128的3900+，不怎么香，如果11这个价是真香。A12加单摄，不如买个中档国产安卓，或者SE2起码还更轻薄。 ,肯定给你点个值啊 ",https://www.smzdm.com/p/24501928/,Apple 苹果 iPhone XR 智能手机
"这个钱买小米10不香吗 ,765G卖3000+也就OV敢 ,小米10没有765g! ,765G超过2000不值 ,什么,为什么大家买手机 好像只看CPU，难道外观设计 屏幕素质以及音质，这些都无关紧要吗？ ,曲边屏真恶心 ,emmm…按照你的逻辑，xifu美有什么用，关了灯也看不见，只要那啥jin就可以了呗。 ,这价位就是性能第一，最直观就是CPU型号，屏幕外放拍照能过得去就行，要求高也只能旗舰了，颜值，不都是大屏，除了颜色，还真无所谓 ,pdd上很多29**的啊 ,U啊 ,CPU是手机能战几年的最主要因素，OPPO的系统优化本身就一般，想长时间用不卡，只能靠高性能的CPU，3000多卖个中端CPU，确实是坑小白的。苹果不卡的原因不光是IOS，更重要的是A系列处理器的强大，外观设计在套了壳贴了膜你还能看见个啥，日常使用流畅度是第一位的。 ,都是被小米给洗的 ,问题是这货不仅cpu，外观设计屏幕素质音质都不如一加8 ,4pro都是贵 ,又是曲面又薄，女人喜欢 ,给我个理由不买小米10 ,这货音质可以吗？ ",https://www.smzdm.com/p/24479296/,OPPO Reno 3 Pro 智能手机 8GB+128GB 全网通 日出印象
"前几天300的券2599都冒入，这个价格让了。 ,1999价位比较理性 ,我怎么有种10号之后还会降的感觉 ,刚刚买了一个二手，才两千一。电池百分百，五月激活的 ,血亏 2899首发买的 ,新款9/10就要发布了，电子产品买新不买旧。 ,哪买到的？ ,抢到了3Q ,咸鱼，1111111 ,领卷立减250 ,  ",https://www.smzdm.com/p/24487471/,Apple 苹果 iPhone SE 第二代 智能手机 64GB
"怎么会涨价？怎么会涨价？怎么会涨价？ ,哈哈第一次买手机保值都不值，还升值。 ,3400交个朋友 ",https://www.smzdm.com/p/24502490/,百亿补贴 : HUAWEI 华为 P40 5G智能手机 6GB+128GB
"表单就100个啊[喜极而泣] ,表单就100个啊 ,不止100台坐等露馅 ,不划算...特别是小米.我的米8都断流好久了 ,太贵了，，，，，。 ,是不是不止100台 ,Android11刷不出看点页面。。。 ,小米断流真的吐槽。 ,没卡那就推掉哈哈 ,就想问你买没买 ,买买买，比华为好多了，这个价真是无敌，便宜实惠，好用方便，色彩绚丽，手感无敌，不错不错 ,  ,我就看看～ ,你猜………… ,我意思京东的货不止100啊  你没填上表  不就没返卡了 ",https://www.smzdm.com/p/24482732/,直播限时补贴 : 小米10 至尊纪念版 5G智能手机 12GB+256GB 陶瓷黑
"上到车了[高兴]h ,不要取消啊。。取消了该怎么要补偿。 ,玛德。。一样的。就是下架了而已。坚决要补偿。 ,。。。我这个是个人爆料。因为我粉丝不多。所以难得上首页。而且商家的动作有点快。。。 ,不好意思，我的显示8+128的是1718元 ,红米应该有红米的诚意，价格再猛烈些。 ,上到车了 ,你取消了吗？怎么补偿？ ,8+128 1408的价没有了，才看到推荐就去看了，这个价总共才卖一两台吧 ,商家打电话叫我取消订单，你遇到没 ,估计就几分钟。。。我是一买就来爆料了，只有白色的，秒无。 ,商家打电话叫我取消订单，你遇到没[尴尬] , h ,看到的时候就没了，zdm就这叼样，,我买了，当时只有白色8➕128是一千四 ,我也下单咯，会不会被砍单？ ,  ,是6+128的，不是8+128的，骗子 ,恭喜啊，。。 ,我服了，。。你看看截图行不行，，而且可以选择的。[高兴][高兴][高兴] ,兄弟，商家打电话让你取消订单没有 ,我服了，。。你看看截图行不行，，而且可以选择的。 ,一般能赔偿多少 ,价格全给推出来，好价过期了才给刷出来。我12点的时候刷了很久就没见到。 ,在哪呢，没有了 ,已经卖完了，我看的时候真的有。 ",https://www.smzdm.com/p/24484221/,Redmi 红米 K30i 5G智能手机 6GB+128GB
"等等党大败，我不等了[小怒] ,我也是醉了，这价格居然还涨了。。。好在我上个月买了2849，真像 ,我等黑色啊，蓝色不喜欢，估计做等等党败了！ ,最好的价是618的2750好像 ,蓝色比黑色好看其实 ,上个月2819果断入手，看来还是买对了 ,差不多，渠道都涨价，纪念品升值了，好价不再 ,升值了？？？ ,炒起来呗，以为能当纪念品吗？ ,颜色带套倒是无所谓，关注一下就知道最近真是没好价了。我忍不住了[喜极而泣] ,太重，200克+ ,真谈崩了，以后麒麟app不更不就完球了 ,这款手机是真的好。我比较喜欢 ,拼多多的怎么退换 ,有一条评价了 ,颜色带套倒是无所谓，关注一下就知道最近真是没好价了。我忍不住了 ,之前2819买的，还涨价了，我去 ,带透明套就不好了，哈哈！！！！难道让我等双十一吗？ ,等等党大败，我不等了 ,  ,不值，之前2849，奸商涨价了，涨价没必要买 ,想买啊，黑色2999也就买了！！！ ,为啥付款是3499 ,好价一去不复返了，哎。 ,这家店铺怎么没有评论？是正品吗？有点害怕 ,2月份3150，特么的大半年了才降了300不到？我当初的mate20这么久都掉价1000了 ,不能等了，蓝的就蓝的吧 已忍耐全碎屏一个月 下车 ",https://www.smzdm.com/p/24489513/,HONOR 荣耀 V30 Pro 5G智能手机 8GB+256GB
"然而小区电梯里还是没信号  ,用过朋友的，震感反馈和机械键盘蛮爽的，打游戏也很流畅，现在这个价格就是等等党的胜利 , ，感谢张大妈推送 ,评论说错了吧，neo3按着k30p打才对 ,不是好价，价格一般 ,真机挺漂亮的，但凡有个高刷，也不至于被k30pro按着打 ,  ,我认为8+128到双11能1999 当然2199也能考虑 ,iQOO3这个价格真香啊 ,拿头打吗？？ ,怎么去3298啊，没开始还是结束了？ ",https://www.smzdm.com/p/24483391/,百亿补贴 : iQOO 3 5G版 智能手机 6GB+128GB
"应该会发的，不发投诉。不过，商品下架了，网页也删掉了😂 ,bug价会先放到个人主页下沉，都过去了再放出来或者不改动不显示 ,上车啦，会不会不发货啊 ,没上去车😂 ,哈哈，我自己也买了 ,拼多多不怕你们投诉 ,好的，哈哈哈 ,错过一个亿 , ,昨晚发的，先是在个人主页，今天推的吧，反正现在也没了 ,哭死！！！！！ ,小编们先都买够了，在放给咱们 ,没车了，哭瞎 ,我也不知道，反正我买了 ,他要是不发咱们一起投诉吧 ,估计发不出啦 ,估计发不出啦[皱眉] ,昨晚就没了😊 ,  ,这都过期20年了，,下次再买好了 ,昨晚发的，其实昨晚发完半个多小时就没了 ,为啥那么便宜？ ,等下次再买 ,为什么上面的留言都18小时前了 我的推送却是10分钟前？被捂着了？？ ,你接到电话说仓库没货了?😂 ,我已经下单了！ ",https://www.smzdm.com/p/24469148/,小米10，256g
"那个45w跟华为40w一样水，害我花300买个充电器，只比25w快几分钟，三星的25w就已经比华为40w快了 ,不支持，和S20+硬件配置上没有任何区别，就是外观独特 ,价格真6啊哈哈哈哈 ,到底支不支持45w快充。。。是紫色版本新添加了45w嘛？ ",https://www.smzdm.com/p/24501966/,百亿补贴 : SAMSUNG 三星 Galaxy S20+ 5G智能手机 BTS定制版 12GB+128GB
"还能卖3300？那时候我3000买的，退了，血亏 ,挖孔不是比水滴好看些吗？。。。。,同样想法，太难看了 ,双挖真的是低能设计 全面屏的时代丑死了 ,都2020了，还有人被厂商洗脑洗魔怔了还在争外挂和集成5g，最开始就是某为在搞事制造舆论，其实根本就没有多大影响，只跟制程有关，制程技术先进，功耗就优秀，外挂集成都不需要考虑 ,下次买华为的   可以告诉她涨价了 ,2500-2600才是应有的价值，被双挖孔毁了 ,去年是水滴 今年是挖孔，我觉得挖孔好一些，不在中间了，更不显眼了 ,值，但是我不买，正面我看不下去。 ,越来越不值钱了。。。[喜极而泣] ,功耗和集成不集成没毛关系 , 华为才是大黑药丸 ,这个不太香，还是等等吧 ,原价 ,这种双挖孔丑爆，还不如刘海呢 ,另外我有五个 这手机送的原装壳。  618时候买的赠品  20一个  有需要的 鱼我wang1200988 ,我的俩月，锁屏键已经没有回弹反馈 ,去京东看过评价 都说系统不行。白瞎了好配置 ,高刷里面最便宜的865吗 ,2499再入手 ,摄像头太难受了，双挖孔都是XX ,首发给我妈买的，没错她喜欢这个颜色，同配置降了1000了居然，不能告诉她[皱眉] ,贴膜带套我感觉有半斤哈哈哈，不过我男生贼喜欢重点的手机，感觉有质感，轻飘飘的不爽。 ,手机也不便宜，里面经广告 , ，想想还有20期白条要还，我又坚强的从天台爬了下来 ,联发科天玑1000集成5g基带，功耗不也是拉胯 ,其实充电超快不是么？ ,5G 下一代集成 功耗估计就好点，现在除了华为是集成，其它外挂都耗电，不建议现在买5G，等双11 估计有不少集成的新机，这种外挂的，活不长 ,用了一个星期了，真别说，除了重，这价位无敌了。另外我不打游戏，打游戏用ipad ,这个是小黑药丸 ,首发给我妈买的，没错她喜欢这个颜色，同配置降了1000了居然，不能告诉她 ,不懂就问，这个微距和小米那个相比如何？？ ,手中的P30不香了。。 ,越来越不值钱了。。。 ,北京卷2789 6期免息 没买 可惜死了 ,  ,本来想等双十一换的。现在不等了。觉得还挺香。 ,这个是不是打王者看不到上路？ ,人家9.9俩，你这不是一般黑啊 ,耗电很快，不过5G手机包括小米10和华为好像也都很快。这样的话充电又显得很重要了 , S20+的我从5月开始看到各种新机已经哭晕在天台 ,买过玩家版的，里面广告巨多，很烦，而且这个之前26xx，北京券 ,618的时候  2699买了5台。  3300卖了 一共挣了3000   然后花29xx买了小米10。    白得了个小米10和几十块     哈哈哈。 ,不说了，小米YES，冲就是了！ ,xdm  ace2怎么样，双杨，90hz，45w，185g，感觉挺好的 ,不是双挖孔或许会买 ,要不是正面的那个大黑药丸就买它了 ,我花了钱，就是看广告的，到处推荐别的软件 ,x7 pro 256 gb 太过分了。 ",https://www.smzdm.com/p/24472963/,realme 真我 X50 Pro 智能手机 12GB+256GB
"还能卖3300？那时候我3000买的，退了，血亏 , 我觉得这个更值得 ,只看配置的话这个是真的没啥说的了 ,手持回答拍照不好，紫薯布丁，至于对比小米不知道，估计不如 ,不喜欢药丸挖孔，不知道今年的所有手机流行这玩意，好的不学，坏的学的贼溜 ,双挖真的是低能设计 全面屏的时代丑死了 ,都2020了，还有人被厂商洗脑洗魔怔了还在争外挂和集成5g，最开始就是某为在搞事制造舆论，其实根本就没有多大影响，只跟制程有关，制程技术先进，功耗就优秀，外挂集成都不需要考虑 ,低分屏也用出舒服来了? 省钱s10 不缺一加8p 说半天还 不看cpu和内存 那你看啥小米realme? ,下次买华为的   可以告诉她涨价了 ,值，但是我不买，正面我看不下去。 ,2500-2600才是应有的价值，被双挖孔毁了 ,越来越不值钱了。。。[喜极而泣] ,至尊版分辨率低吗？，我第一次用曲面屏，感觉色彩柔和，舒服。难道真的不值吗？ ,功耗和集成不集成没毛关系 ,在用感觉还好，之前用的一加感觉系统比一加要好。哈哈。 , 华为才是大黑药丸 ,原价 ,你是用了五个账号吗 ,这种双挖孔丑爆，还不如刘海呢 ,另外我有五个 这手机送的原装壳。  618时候买的赠品  20一个  有需要的 鱼我wang1200988 ,我的俩月，锁屏键已经没有回弹反馈 ,去京东看过评价 都说系统不行。白瞎了好配置 ,首发给我妈买的，没错她喜欢这个颜色，同配置降了1000了居然，不能告诉她[皱眉] ,2774买了，发货到北京八达岭了，但是我详细地址填的是广东，不知道最后会不会送过来 ,摄像头太难受了，双挖孔都是XX ,三桑高刷oled＋65w＋865里最便宜的了 ,贴膜带套我感觉有半斤哈哈哈，不过我男生贼喜欢重点的手机，感觉有质感，轻飘飘的不爽。 ,感觉还是贵了，等双十一吧，预测2699可以拿下 , 等等党不急一时半会 , ，想想还有20期白条要还，我又坚强的从天台爬了下来 ,联发科天玑1000集成5g基带，功耗不也是拉胯 ,其实充电超快不是么？ ,5G 下一代集成 功耗估计就好点，现在除了华为是集成，其它外挂都耗电，不建议现在买5G，等双11 估计有不少集成的新机，这种外挂的，活不长 ,用了一个星期了，真别说，除了重，这价位无敌了。另外我不打游戏，打游戏用ipad ,单孔就好了 ,find x2早买了1天。。。 ,这个是小黑药丸 ,不太好看啊 ,首发给我妈买的，没错她喜欢这个颜色，同配置降了1000了居然，不能告诉她 ,不懂就问，这个微距和小米那个相比如何？？ ,北京卷2789 6期免息 没买 可惜死了 ,越来越不值钱了。。。 ,手中的P30不香了。。 ,那个时候可以啊。  趣评测卖的。 ,  ,这个是不是打王者看不到上路？ ,本来想等双十一换的。现在不等了。觉得还挺香。 ,走错片场了 ,耗电很快，不过5G手机包括小米10和华为好像也都很快。这样的话充电又显得很重要了 ,人家9.9俩，你这不是一般黑啊 ,在用小米至尊版，不错，但是不是值5千多，不太懂，我曾经买过12，256的黑鲨3，觉得性价比高，我现在是8g运行，屏幕肯定现在的舒服，但贵两千多，值不值，为什么值，为什么不值。我过去只看CPU和内存是不是很傻？ , S20+的我从5月开始看到各种新机已经哭晕在天台 ,买过玩家版的，里面广告巨多，很烦，而且这个之前26xx，北京券 ,618的时候  2699买了5台。  3300卖了 一共挣了3000   然后花29xx买了小米10。    白得了个小米10和几十块     哈哈哈。 ,不说了，小米YES，冲就是了！ ,开5g服务了吗 ,xdm  ace2怎么样，双杨，90hz，45w，185g，感觉挺好的 ,说实话，用过三星的2K屏真回不去1080p的了。那些说OLED屏看得眼睛不舒服坚守LCD的，只能说你们与高端货无缘。 ,不是双挖孔或许会买 ,要不是正面的那个大黑药丸就买它了 ,买x7pro 8+128还是这个？ ,系统用着没啥问题啊，这个快充真的爽，半小时搞定 ,看得到。. ",https://www.smzdm.com/p/24472963/,realme 真我 X50 Pro 智能手机 12GB+256GB
"网络设置里没有选项吗？ ,还能卖3300？那时候我3000买的，退了，血亏 ,你是用了五个账号吗[惊喜] ,2774买了，发货到北京八达岭了，但是我详细地址填的是广东，不知道最后会不会送过来[皱眉] ,没有坚守的意思 ,双挖真的是低能设计 全面屏的时代丑死了 ,都2020了，还有人被厂商洗脑洗魔怔了还在争外挂和集成5g，最开始就是某为在搞事制造舆论，其实根本就没有多大影响，只跟制程有关，制程技术先进，功耗就优秀，外挂集成都不需要考虑 ,低分屏也用出舒服来了? 省钱s10 不缺一加8p 说半天还 不看cpu和内存 那你看啥小米realme? ,下次买华为的   可以告诉她涨价了 ,2499以上都不值 ,值，但是我不买，正面我看不下去。 ,2500-2600才是应有的价值，被双挖孔毁了 ,越来越不值钱了。。。[喜极而泣] ,我的俩月，锁屏键已经没有回弹反馈[高兴] ,功耗和集成不集成没毛关系 ,太轻没有质感 ,牛啊，怎么做到的 ,北京券，发了三十块钱给京东小哥，让他帮寄回广州 ,多用两个月再去维修一下 ,在用感觉还好，之前用的一加感觉系统比一加要好。哈哈。 , 华为才是大黑药丸 ,原价 ,说的就像LCD没有高端货一样 ,这种双挖孔丑爆，还不如刘海呢 ,另外我有五个 这手机送的原装壳。  618时候买的赠品  20一个  有需要的 鱼我wang1200988 ,我的俩月，锁屏键已经没有回弹反馈 , ,去京东看过评价 都说系统不行。白瞎了好配置 ,首发给我妈买的，没错她喜欢这个颜色，同配置降了1000了居然，不能告诉她[皱眉] ,摄像头太难受了，双挖孔都是XX , 这款618时候2500不到买了咸鱼3k不到点卖了一波，顺便帮朋友也卖了仨 ,贴膜带套我感觉有半斤哈哈哈，不过我男生贼喜欢重点的手机，感觉有质感，轻飘飘的不爽。 ,这搭配可以，12/256，865，就是系统差了点，这种高性价比的系统里面一般挺坑，不知道能不能刷miui，k30p的搭配不行，12/128是什么鬼搭配，刀法清奇 ,说的就像LCD没有高端货一样[抽烟]高端LCD不比2Koled 便宜 , ，想想还有20期白条要还，我又坚强的从天台爬了下来 ,联发科天玑1000集成5g基带，功耗不也是拉胯 ,双十一2699有商量吗 , 高端LCD不比2Koled 便宜 ,其实充电超快不是么？ ,是的  全家总动员哈哈哈哈哈 ,5G 下一代集成 功耗估计就好点，现在除了华为是集成，其它外挂都耗电，不建议现在买5G，等双11 估计有不少集成的新机，这种外挂的，活不长 ,用了一个星期了，真别说，除了重，这价位无敌了。另外我不打游戏，打游戏用ipad ,当时买这台机也怕系统用不习惯，没想到系统跟miui相拟度百分之九十以上的，拿到手直接上手玩了跟本没区别，我以前台机是小米mix2 ,我觉得也是，从一加6过来的，感觉一加是蛮荒时代的系统？ ,这个是小黑药丸 ,首发给我妈买的，没错她喜欢这个颜色，同配置降了1000了居然，不能告诉她 ,北京卷2789 6期免息 没买 可惜死了 ,怎样关掉5G? ,越来越不值钱了。。。 ,手中的P30不香了。。 ,人家9.9俩，你这不是一般黑啊 ,  ,本来想等双十一换的。现在不等了。觉得还挺香。 ,耗电很快，不过5G手机包括小米10和华为好像也都很快。这样的话充电又显得很重要了 ,在用小米至尊版，不错，但是不是值5千多，不太懂，我曾经买过12，256的黑鲨3，觉得性价比高，我现在是8g运行，屏幕肯定现在的舒服，但贵两千多，值不值，为什么值，为什么不值。我过去只看CPU和内存是不是很傻？ ,预算1300，高了不买 ,你慢慢坚守吧 , 但是LCD确实有高端的，你说的就像LCD只有1080P的一样，乐金和傻普又没倒闭 ,重打消了我想买的念头 ,5g建议关掉 耗电明显下降 ,买过玩家版的，里面广告巨多，很烦，而且这个之前26xx，北京券 ,618的时候  2699买了5台。  3300卖了 一共挣了3000   然后花29xx买了小米10。    白得了个小米10和几十块     哈哈哈。 , S20+的我从5月开始看到各种新机已经哭晕在天台 ,标配gan很厚道啊 ,不说了，小米YES，冲就是了！ ,xdm  ace2怎么样，双杨，90hz，45w，185g，感觉挺好的 ,说实话，用过三星的2K屏真回不去1080p的了。那些说OLED屏看得眼睛不舒服坚守LCD的，只能说你们与高端货无缘。 ,2499交个朋友 ,不是双挖孔或许会买 ,要不是正面的那个大黑药丸就买它了 ,2千七八就是好价了，可以暴打打k30u了，订的k30u还没发货，要是这个力度大点就退了买这个，12内存➕865不香吗？？ ,我的玩家版可以以旧换新不，不加钱的那种 ,不懂就问，这个微距和小米那个相比如何？？ ",https://www.smzdm.com/p/24472963/,realme 真我 X50 Pro 智能手机 12GB+256GB
"只有128G再高端也没什么用啊，要买打底256吧,首发买的，主管屏蔽掉这些降价吧。让雷布斯承诺的不超过5%一点点变成-50%吧[哭][哭][哭]                                             ,苏宁建行－200，24期免息，返60云钻，不可描述57，算下来明面上便宜300+，江苏有邮储的可以－300。,这跟硬件利润5%没冲突的，成本都是变化的，动态成本懂不？这就是早买早享受、晚买有折扣的硬道理啊。,你，我，200，ok？,再加个十二期分期可以考虑,首发买的，主管屏蔽掉这些降价吧。让雷布斯承诺的不超过5%一点点变成-50%吧[哭][哭][哭]",https://www.smzdm.com/p/24489673/,MI 小米 10 至尊纪念版 智能手机 8GB+128GB 陶瓷黑
"抢到没付款[高兴] ,抢不到不要钱也没用啊 ,在高通面前，联发科还是弟弟 ,用的北京卷 , 不是就亏了？关键是现在都还没有发货 ,多看看华为的恰饭自媒体的黑稿和视频，就解毒了 ,12+512 , 我买的难道是假的 ,但在你面前，钱就是哥哥啊 ,我怎么不知道我这用了半个月的512是12g的ram？？？ ,抢到没付款 ,12+512在哪 ,抢了3次没抢到，管网2700买了12+128的Pro ,一样，然后取消了 ,高刷新率屏幕带来最大区别在于视觉流畅度 ,  ,91买的，返30钻？ ,什么时候的价格？ ,今年没有了，国内没有用865+的，865小米超频的比865+还牛，联想的865+是从摩托罗拉那拿的。 ,估计放到865plus上，k30Pro尊享版 ",https://www.smzdm.com/p/24490173/,8日10点 : Redmi 红米K30 至尊纪念版 5G智能手机 8GB+512GB 极夜黑
"太,天玑720旗舰芯片+720P超清屏幕+10W安全闪充，太值了，我愿称之为5G机皇！ ,不买给华为省省芯片 ,走上联想的路 ,，吃相难看。,难过😔 ,还是高价的理由是什么呢？ ,最后的疯狂 ,年度垃皇。 ,我就在这个评论区蹲那些说华为好的，我真的想笑，一个能把720p屏幕和10w充电卖1699元，把天玑720卖2299的华为，真的有良心吗？我今天看到这两台手机的时候是很气氛的真的，真的把什么都不懂的消费者当成了资本主义集资的,年度圾皇的称号被三星note20夺走快一个月了，是时候夺回来了 , ,畅享畅享，啥都别想，畅玩畅玩，啥都别玩！ ,两个720，华为真棒 ,这价格我笑了，1600+的老人机，,要么是绝对自信不愁卖，要么真的是货就这么点，卖高点，能赚一点是一点 ,。就像一些文章说的，电子,4G内存？？？ ,  ,厂家如果能割韭菜为啥要努力做性价比呢 ,坑了 ,之前用自研芯片说自研芯片成本高，现在外购芯片，那卖这种电子,叫人家怎么支持？ ,看直播给我气到了，我本来想说999就支持一把的，结果天玑720 4+128卖得比人家天玑800 6+128还贵300块，哪来的勇气？？？ ,依然是国产MTK芯片，不忘初心，砥砺前行。 ,4G内存，买部诺基亚不好吗？ ,这才是年度真圾皇！ ,畅享吐口痰先 ",https://www.smzdm.com/p/24490381/,新品发售 :  HUAWEI 华为 畅享20 5G智能手机 4GB+128GB
"除了拍照，各方面都比华为好啊 , 就三星20u现在这块屏幕几年后国产才进的到货，然后又可以开半小时发布会吹屏幕，差距就在这里了。 ,为什么要碎屏？  三星屏幕还不如京东方的结实吗？ ,耳机卷还没拿到 *** ,侧重点不同，note有2代屏幕，峰值亮度更高，有自适应刷新率，有笔。但是这个有无线充，有1亿像素摄像头，10倍混合光变，100倍数码。note说是50倍混合变焦，应该光变倍数也不一样。 ,呵呵，三星新机全都送半年碎屏险，还有1000的集中换屏，就算是维修点报价2k的屏幕跟华为这周冬雨屏也是一个价2000块，麻烦没买过不懂的别,这个和note20ultra比起来差在哪儿啊？ ,那些说华为贵的 这个不贵？哪里值了？ ,手机最常用的就是屏幕，华为用的什么屏幕？值那个价吗...双扬也没有，高刷也没有，内存好像还是ddr4x ,[皱眉]你从哪里看出来是华为能打的。华为除了p系列相机足够激进，其他的能拿出来的东西应该不多吧。你这样拿来跟三星比… ,刚出的三星基本上碎屏都不用修了，换屏幕的钱购买一台新款华为。[狂汗]就三星20u现在这块屏幕几年后国产才进的到货，然后又可以开半小时发布会吹屏幕，差距就在这里了。 ,多多7500交个朋友 , ,就算是拍照 也没有华为能打啊 ,刚出的三星基本上碎屏都不用修了，换屏幕的钱购买一台新款华为。 ,华为和这 根本就不是一个档次的东西 ,商场买的 原价带赠品 一周掉价1500 多多牛批！！！！,东西是好东西 但是没觉得它值这么多钱 ,比note20香哦,,Ծ^Ծ,, ,这些人会买5+的旗舰机吗？点都不会点进来看了 ,note处理器是超频版 ,  , 你从哪里看出来是华为能打的。华为除了p系列相机足够激进，其他的能拿出来的东西应该不多吧。你这样拿来跟三星比… ,只看价格不看配置？ ,除了摄像头那好几个亿的像素有什么是国产旗舰没有的？ ,了 ,屏幕国产旗舰也没有吧。而且手机上最贵的零件应该就是屏幕吧 ",https://www.smzdm.com/p/24486409/,百亿补贴 : SAMSUNG 三星 Galaxy S20 Ultra 5G智能手机 12GB+256GB
"我觉得挺好，除了拍照不是最强梯队(是第一梯队>，其他都不差，当然没有ddr5. ,手持16th，点个值，默默等18 ,唉呀，想支持一波的，老魅友真觉得魅族最可惜。 ,50度灰... ,已经凉了吧 ,权新pro3699出 ,一步到位降1000，销量肯定能上去。都快黄了，还放不下身段。。。 ,在用，感觉很不错 ,我16th plus 寄到珠海售后，明明就是一个充不进去电的电源i/o问题，他让我换屏，维修价格1150块，呵！！！我对魅族的好感没了。 ,会不会是最后一代产品了？ ,我觉得魅族挺好的，我用了几年了 ,这魅族也3000档位以上了啊，消费不起了 ,自营8+256 3599，叠加北京券3200啊…… ,赶紧倒闭吧    魅族  珠海小厂  前一个月买的  用了三天 无限重启  客服说到售后维修  我们这个鬼售后   ,有点设计感，技术沉淀不断落后 ,再也不买魅族手机了。 ,  ,倒闭吧，拉不下身子的魅族 ,不是自营，淘宝第三方早就这个价了 ,夕阳产了，在不买就没有了 ,    然后没人管了 ,不推荐买，没售后，重庆这边专卖店都在兼卖指纹锁，感觉快倒闭了，16s用户留 ",https://www.smzdm.com/p/24499025/,MEIZU 魅族 17 5G智能手机 8GB+128GB 十七度灰
"三星2k屏加高刷 这玩意同级别最低劣的屏幕何德何能跟三星比？ ,大家不要买了！给为为留点库存！ ,好机啊，再便宜些就好了，再少1000可以考虑 ,没有光学防抖过分了 ,三星强太多了，比你苹果也强。没用过的都是云测评 ,目前没有比这更好的soc，苹果4g，高通外挂。 ,你怎么不看看三丧多少钱？note20？ ,真难，和三星比屏幕，和苹果比流畅，和小米比价格。。这个有27瓦无线快充，40瓦快充，续航谁好，不知道，有评测以后可以看看，差价这么多，就屏幕输了。 ,有这钱买华为旗舰,三星续航好。。。三星用户群note20几乎人人吐槽续航差，摄像头有灰。。品控喜人。。越南产的真是不行。 , ,再讨论下865p领先990二代，不赞同。865p性能确实更好，非集成5g，发热，功耗对续航都不友善，领先的性能，这款屏幕60刷新率。。865都够了。。性能再好这个屏幕也不是高刷。 ,价钱不错，但没钱 ,CPU不咋的，如果是下一代就好了，再来个UFS3.1和DDR5，再加上华为的优化，就爽歪歪 , ，店里的人说工厂现在都没有了 ,在一片涨价中难得有降价的。。。 ,你说的续航差是n20u吧 这个肯定是三星旗舰里续航数一数二的 就是高频处理器拉高了功耗而已 你怎么不说30pro+的屏幕是华为里垫底的 比周冬雨排列还差 ,  ,三星怎么也要比同等得华为贵一倍以上啊，毕竟有些人觉得三星是高档货，有面，华为是低端货 ,华为也就剩下续航了 呜呜呜 ,这价屏幕完美… ,那你可以不买这款啊 而且人家处理器是865p 比990领先了两代 同样1080屏 你看看续航哪个好 ,听说续航尿崩 ,。。一犹豫没货了，，本来想买mate30的，线下店都问遍了全都缺货了，线上一直不降价 ,当老年机不错，其他不值 ,等到9月15号以后再说吧，要么越来越贵，要么微微跳水 ,大家都别买，抵制,三星高刷的多少钱啊我怎么看note20 6000多不是2k不是高刷，还是塑料呢。 ,续航比比",https://www.smzdm.com/p/24501979/,百亿补贴 : HONOR 荣耀 30 Pro+ 智能手机 8GB+256GB 绿野仙踪
"那时候你会想买新的机器啦 ,拍照还是三星水果。。。 ,换成875集成5G基带，就是完美 ,应该是苏宁吧，京东毛活动都没有 ,果然是很久没看手机里 ,明年618希望能冲[吐舌][吐舌][吐舌][吐舌][吐舌] ,我现在用的华为mate30Pro  也没感觉拍出来很棒，感觉比我上一部小米6也没提升多少[大囧] ,好久没看手机了，小米现在都怎么贵了吗，不是走性价比路线的吗，记得以前旗舰顶配也才3k左右 , ，发热是有，可是不至于网上说的那么夸张到暖手宝的程度吧 ,我8行第二次申请 建行批了…… ,下午刚买的交行12+256  立减300+12期免息，明天到手 , ，起床的时候电量剩下10%左右，插入充电，起个床洗漱的时间就能充到90%左右 ,你不退货，还可以领略下小米的,深圳线下5650购入，未翻车 ,机器是好，就是在实体店试过，玩了10分钟吧，会发热 ,简直笑话。米10至尊秒天秒地的拍照，有本事就对比。跟华为ppp不妨多让。 ,哪里有啊，老哥 ,首发预订入手到现在 ,首发预订入手到现在[邪恶]，发热是有，可是不至于网上说的那么夸张到暖手宝的程度吧[皱眉]。我也曾经用过P40 PRO+,感觉使用温度都差不多[亲亲],当然拍照方面是华为的P40 PRO+好点[邪恶]，对于我来说这机器最大的亮点是120W快充[不出所料]，起床的时候电量剩下10%左右，插入充电，起个床洗漱的时间就能充到90%左右[脸红]，在实际生活中还是很方便的，用了就回不去了[脸红] ,不能用只能自营的才行 ,明年618希望能冲 ,刚退了，发热厉害，简直就是暖手宝，费电！重！外加我买了个问题货，nfc无法使用，这品控，这价格一言难尽 ,自营用建行信用卡5799吧[抠鼻]别说你身边一个用建行信用卡的人都找不到，而且持续很久了，自己办一张也来得及吧 ,都一个意思，都是噱头 , ，对于我来说这机器最大的亮点是120W快充 ,售后，当年首发入手小米8，碰到闪屏门，保险期内反复划水维修5次，不肯换新手机，不肯更换主板，屏幕，过保修期没有一个月又坏了，让你自费维修，多好的售后服务 ,黄牛报价5420 ,线下到手，只有透明的8+256版本，12g版本没有。官方价，但是送东西，直接抵现买了50w的无线。夜间拍照再未升级新版本前极限高光压制差点意思，光晕太明显。另外120倍变焦实用性一般，手持基本就是看个糊，抖的不行。拍月亮50倍就可以了。所以120变焦真的有点太抽数，或者就是为了堆料。导致广角在最下面。至于发热问题，不是暖手宝，但是真的热，相比之前用的note3几乎发热是我背部没了，然后长时间抖音后的温度。这个问题真别否认，就是事实。另外高刷续航头天真的不行，玩了一会儿就开始掉电。但是充电速度真的快，不过你会背着充电头到处跑吗？不过你问我值不值得买，我只想说感谢友商的衬托，这机器性价比真的到位，拍照也能满足。所以早买早享受。毕竟看看10 pro才跌多少就停产让路了。所以机器短时间贬值率不会太高的 ,希望1年内跌到4千以内 ,之前的小米旗舰啥配置？现在啥配置？纵向比没有可比性的话，就和三星苹果横向比一下，买手机买的不只是牌子 ,明年618就买小米11了，到时候屏下一出，再买这个就感觉有点落后了 ,已售罄................................... ,米11貌似还是挖孔。估计屏下是mix…… ,小米的摄像不论堆多少料，拍出来总是差点意思。 ,国产现在都这么膨胀的吗？ ,苏宁是不是要没了 ,米6拍照是真不行，上课拍个板书都糊成啥样了，和mix2s都没得比了 ,  ,这才几天就少了111 ,建行-200加上24期免息还是很值的[邪恶] ,我现在用的华为mate30Pro  也没感觉拍出来很棒，感觉比我上一部小米6也没提升多少 ,你这话让我握紧了手里的米6 , 。我也曾经用过P40 PRO+,感觉使用温度都差不多 ,上午就看见说京东交行立减300，但下单没有看见。。。。 ,建行忌讳多行，超5行信用卡再申请建行基本没戏 , ，在实际生活中还是很方便的，用了就回不去了 ,怎么买呀，交行 ,下雨的那点水肯定防得了 ,机器不错价格偏高 , ,当然拍照方面是华为的P40 PRO+好点 ,搞个对比评测试试，要看细节 ,缺个防水啊，有防水早买了，现在选择等等水果。下雨天防水还是很有必要 ,我也是这种感觉，不知道摄像头没保护好还是怎么的，用过的几个手机都是感觉拍的不行 ",https://www.smzdm.com/p/24488924/,MI 小米10 至尊纪念版 5G智能手机 12GB+256GB
"给家长买6g就够用了，用个微信不至于卡。要要游戏中体验还是k30毕竟120刷新和骁龙 ,买华为啥 说清楚 ,他家开不了增票，要不然价格低 ,被砍单5次 ,同价位的 华为也就X9和5Z了吧 但是真没这个香 ,正在用，一切正常 , 紫薯布丁 ,等！必须等！ ,等不到1299的k30了，给老人买这个凑合用[苦恼][苦恼] ,千万别买白色 丑的1B ,一千积分88元开 ,红米note8pro跟这货比咋样 我看可以选8+128 再加个10块撸的夏新64G存储卡 给老妈聊微信拍照够了吧 ,反应特别慢，经常卡顿 ,这价格不如买p40 pro+分12期 ,王一博都不会用的手机 ,999绝对不能再多了 ,天猫超市，1499，88会员95折，1424元，今天天猫超市卡充值1188送53元，充值299送8元，折合充值1487送了61元。实际到手1363元，虽说有人说是第三方发货，我觉得还是比拼多多靠谱一点？昨天还有下单立减50，我错过了。之前买了一台到了，没问题全新未拆。今天又买了一台。 ,刚需可入，不着急可以等后面起码能降200 ,有没有256g的，性价比高的？ ,256没性价比，建议128够用 ,这价钱你能买到华为？ ,5g手机现在都这么便宜了吗 ,4g版的吗 ,  ,官网咋蹲的？求分享 ,买了一只白色。一只蓝色，磨砂玻璃质感，白色会泛紫光，1349，有两家店在做百亿补贴活动 ,88会员额外要888元开。 ,华为 他不香吗？ ,什么牌子你说一下 ,这个价格还不如买别的牌子的呢 ,前几天在官网蹲了个1349的k30,可惜6G带miui12属实不理想。 ,我还想1199。。。1099。。。999呢！,爱国 ,为什么我用起来有时候会很卡？续航也不大行，比我用了一年多的k20pro强不了多少 ,那肯定的，一博用iPhone ,话说，唯一的区别是主摄像头，怎么安兔兔跑分低了3万分？ ,华为呀  紫薯布丁 ,再等就解放啦 ",https://www.smzdm.com/p/24486148/,百亿补贴 : Redmi 红米 K30i 5G智能手机 6GB+128GB
"价格战要来了吗？ ,我这里批发价5040 ,唯一缺点就是掉电太快了 ,本质上和10pro差别不大，但是贵了一两千 ,太厚！！！ ,说一个不重的超大杯来？ ,晚点试试，看看有没有改善 ,手机值得买，用起来真香。第三方卖家，这价格不如就去官方买。 ,有没有便宜的k30 pro啊 ,如果想买  可以去门店看看  发热不爽 ,价格战要来了吗？[高兴] ,小米商城不是24期免息麽？ ,双11 12搞起来 ,太厚太重了 ,系统下载完整更新包  你会发现有惊喜 ,有点夸张，这个速度 ,先加价600给你减300 ,升完也是减了，陶瓷黑的8+256官网价是5599，他是5378 ,你是用不起pro max吗？看看重不重。 ,比华为p40pp，苹果12pm,三星s20u轻 ,有，amd的显卡，因特尔的cpu ,32分钟过去了，你拆了没有 ,你那四个哪里？ ,看清楚，先提价了 ,四千八某鱼买了x2 pro我觉得比这个值 ,疯了吧，小米而已 ,我也是掉电快，不知道是不是刚换手机相册后台同步 ,机身重量方面，小米10至尊纪念版全面向“索半斤”看齐，净重达到了221.8克，若再戴个手机壳、贴块钢化膜，重量直逼半斤 ,oppo算了吧。首发买了个8+256的findx2，比小米10pro同配置贵多了。前两天咸鱼才卖出去，只卖了3200，还不够买一个小米10pro的。 ,你在开玩笑？一加8是超大杯吗？一加都没有超大杯。已发布的超大杯三星S20U、华为P40ProPlus、苹果iPhone11ProMax，米10至尊，哪个不是220g以上？ ,电子产品还有不跌价的？ ,明年会降价吗？ ,  ,你的有没有觉得掉电比较快？我的掉电很快，不知道个案还是都这样 ,第三方，还提价后用券，还不如自营用建行信用卡一样5399 ,一加8  200克不到 ,我刷头条看视频电量耐用，玩王者（最高设置）耗电快 ,上月5799元入了12g+256g,建行减了200加上12期免息，120W闪充是真香，刷新率很流畅，玩在看旧手机不忍直视，早买早享受，目前代表着最高科技 ,玩不了多久  发热  一般玩王者荣耀 一个小时三十电这样 ,见仁见智咯。萝卜青菜各有所爱 ,除了120w没啥科技吧 ,快，随手冲吧， ,小米10至尊版221g,华为p40pro+  226g,用几天就习惯了，不会在乎那二三十克重量 ,真的重啊 苹果都嫌重了 这个还更重 ,顶配6599入的在犹豫要不要拆 ,10pro更值得 ,目前自用12+256，什么都好就是太厚重了。用了几天再看旧机6SP,觉得好不习惯，那个上下大黑边 ,晚上待机掉点快的话，把系统自带的“健康”卸载了就行 ,一直玩能用多久 ",https://www.smzdm.com/p/24477514/,MI 小米10 至尊纪念版 5G智能手机 8GB 256GB
"可以分期啊 这个时间一个月几百块 ,学生认证的确是好价 ,港版6400可以到手[黑线] ,淘宝7428入了，再花312块找了个跑腿确实香，但跑腿确实全靠信任 ,三星：我太难了 ,双十一 6199一定买 ,还有这么多人用三星啊 ,6000交个朋友 ,面部识别就是摆设。拍照很一般。入手两个多月了。信我。 ,苏宁首发前就这价格。。不过镜头进灰，电池5小时，充电缩水 ,支持你，布丁 ,现在的学生，不用旗舰机都不好意思说自己在上学 ,港版6400可以到手 ,有香港的朋友代拿 ,老哥，你买的是帮你代领还是需要自己找跑腿 ,已入手港版7428 还送耳机 ,3000我都不买还卖8000多 ,学生用着手机，还是学生吗？ ,双十一国行5999我考虑把20＋换了 ,不是很贵，但是给学生刮消费主义的风不好吧 ,他指的耳机回血 ,再降一点啊，6999交个朋友 ,下次一定，下次一定 ,这是NOTE 20u不是NOTE 20 ,我是差那60块钱的人吗 我差的是6000 ,京东比拼多多便宜？[狂汗] ,学生价……现在的学生真有钱 ,你会发现港版更香7400送live蓝牙 然后挂鱼卖1000回血 相当于港版6400到手 ,关注你了，希望别打脸 ,如何进入学生价格？ ,  ,5999交朋友 ,5999等着你 ,只能发香港地址哦 ,这评论里有些人对于价格真的应该多见见世面 可怕 ,我读书的时候领国家助学金的买最新的诺基亚旗舰，花几大千买游戏账号。真正穷的羞于开口，从来没去申请。 ,7000我绝对下手。 ,耳机应该需要自己领吧，网上的页面填了嘛，顺丰那一页可以选择内地嘛 ,因为喜欢这种方方正正棱角分明的机型还有想玩spen所以入了 ,我也7428入了，顺丰地址只能寄香港范围吧，我准备让我朋友去拿再用寄过来 ,你有事吗？？ ,京东比拼多多便宜？ ,哪个店？靠谱吗 ,刚发布一个月你用了两个月？ ",https://www.smzdm.com/p/24500240/,SAMSUNG 三星 Galaxy Note20 Ultra 5G智能手机 12GB+256GB 迷雾金
"没售后买来怎么搞 ,3天就有问题，直接申请售后呗，肯定可以解决的 ,那你可能盲了 ,不是我说，能卖出去就见鬼了 ,这售后和一加等类似的，都是京东自营店铺售后，还是挺方便的，当然和满大街的小米没法比。 ,找当地售后  我们这有个鬼售后  ,线下mx5到手不到一星期电池鼓包。售后说是我摔的，然而手机连摔的痕迹都没有，从此不再觉得魅族好 ,  我买来三天。无限重启 售后不管   再不买魅族。 ,再等下双11，手上的苹果还没坏 ,盲猜鬼族用户成功 ,魅族手机从M8开始一直用，真的用户粘性很高，很多设计非常有心思，很人性化。但是！自从去年16spro屏幕碎了，碎屏险寄回去修了一个多月才给我寄回来之后，真的不太敢买了…魅族现在最大的问题在于线下基本没有，包括售后和体验中心，销量很难上去，上不去就没有上下游的话语权，最后就啥都赶不上热乎的，然后销量就更上不去，恶性循环… ,你见鬼了？ ,见到你了啊 ,多多3499买的。。。 , ,魅族的手机颜值一直在线，设计上也有追求。但现在销量太少，面临生存问题，系统维护、售后都存在隐患。不敢买了。 ,对自己好一点嘛，咋说买个16t. ,售后找京东，然后拼人品。 ,3千以下，指日可待。 ,手机要什么售后[高兴]，16s用了两年自己屏幕后盖换了个遍，买的白色的现在换的前后全黑 ,嗯，够暴躁的 ,夕夕此刻3299 ,2999我一定会考虑 ,哈哈，暴躁老哥，我喜欢[惊喜] ,好几年没买过超过2千的手机了，喜欢魅族可惜今年没千元机了，16x换个电池继续用。 ,投票没输过，销量。。。 ,千万别买 质量太差了。   谁买谁后悔[喜极而泣][喜极而泣] 我买来三天。无限重启 售后不管   再不买魅族。 , ，16s用了两年自己屏幕后盖换了个遍，买的白色的现在换的前后全黑 ,  ,用了3年的MX6上周突然无限自动重启（甚至不能关机），刷系统也无法恢复后决定去实体店看看是否还有16T或16SP，结果围着所在城市转了大半圈，3家线下店都关门了……虽然觉得魅族还挺好用，但是3500以上又下不了手。今年也不出2K价位的手机了，可惜…… ,MP3时期倒腾过四五个，最后遇到了miniplayer，觉得完美啊。手机是从mx4 pro开始用的，每代旗舰都体验过，到两个月前的17和现在手持的17 pro。怎么说呢？问题肯定有，但我觉得都不是什么大问题。关于售后，一家六口人都用的，总共坏过一次听筒，送修的，立等即取，摔碎过一次屏，但是给上门更换了。而且这手机用起来挺趁手的，功能细节都挺喜欢，所以也没觉得需要换别的什么手机。鬼族，就鬼族吧 ,从mx4开始一直用魅族，不出意外下部还会是，但我在等1999 ,我的16x上市才两年，16s是19年上市吧 ,想想魅族钱包就哇凉哇凉的了！ ,为啥还不降价啊 ,等个2499 ,16th流畅使用中，福来米8.1-- 8.15版本简直完美。,赶紧降价，我要换手机 ,快要凉凉了 ,坐等双十一2599 ,千万别买 质量太差了。   谁买谁后悔 ,你看他评价和爆料,售后太差，把上海唯一一个维修点的服务人员全部开除 ,手机要什么售后 ",https://www.smzdm.com/p/24474451/,MEIZU 魅族 17 5G 智能手机 8GB 256GB
"不如港版，港版现在还送耳机。 ,学生价还能低 ,原封未激活我能做到8600的价格 ,双11 会有你要的价格 s20u有可能更低 ,好价，现在就等快递退回了， ,怎么看学生价 ,刹那不是一直吹自己是真发票吗？ ,note9的电池都顶不住，不常开流量还好点 ,我就想知道这个烧屏咋解决 ,围脖的刹那不是还行么，虽然我没买过 ,这家有512g迷雾金，价格也贵个四百。 ,先成为学生认证的一员 ,韩版note20u 马云家已经有6200多的了 ,这才刚刚开始，跳水星，请开始你的表演 ,韩版 港版 折算只要6000多而已，国行再等等吧，钱不是大风刮来的。 ,京东学生价更便宜，还送无线充电器 ,港版的7399送buds live，折算下来差不多6500不到！ ,深圳的朋友到去当地门店购买用，市镇府补贴10%促进消费 ,棒子疯狂了！ ,八月份都结束了呀？难道延长了？ ,6500等s20u或者note20u ,3个亿还没被领完，持续着呢 ,这个应该是 你  我  3000 ,等琼版出来，看免税后能少多少钱 ,我不管 我就买红米k30u ,不要等什么12了，赶紧下单吧，早买早享受 ,这个国家的东西一律不值 ,假发票解毒 ,深圳的朋友到去当地门店购买用，市镇府补贴10%促进消费[高兴] ,真的是太贵了 一个手机 不是我等能消费得起的啊 还是乖乖的等降价吧 我的note8应该还能坚持半年 ,不要韩版 想要国行 ,在哪里可以享受？ ,下载银联云闪付你可以找到店，已经享受折扣的产品列表 ,  ,拼多多终于出手了 , 用了两年的note9 不到半年的时候就已经烧屏很厉害了。。 ,过了10号就没活动，而且要自己去香港取货，还是有一定成本的。 ,京东比他还低几十块 ,今天下单了黑色，耳机估计也要花大量时间等 ,6199等一波 ,苏宁易购、国美、顺电都有 ,你，我，200[装大款] ,到底是买这款好还是买S20 U好啊？？？哪位大神给指个路啊！！！ ,人家直接不敢跟你联系代取 你说呢？ ,还是国行省心。虽然三星国行售后也是稀烂 ,还是港版香啊 ,开始了开始了 ,年底6000以下，入手 ,毫无诚意，百亿补贴虽然木有便宜，好歹还送个红米note8 ,韩版用不了指纹支付，输密码，麻烦，港版不大清楚 ",https://www.smzdm.com/p/24474425/,SAMSUNG 三星 Galaxy Note20 Ultra 5G智能手机 12GB+256GB
"深圳某房间：pa~让你当黄牛🐂 ,[皱眉]我寻思这是线下卖的，这个价很正常啊，同类竞品ov的也差不多。[邪恶]目标用户也不是咱们 ,一样，性价比高的不看 机皇不看，只盯着电子,信仰也不是这样信仰的，,畅享10e:又来抢我圾皇宝座 ,那你就再找找，天机720，屏幕720，LCD，无NFC，像素4800万，1/2英寸，我理解为欺骗老百姓。 ,LCD屏，服气 ,能买这手机的怕是蒙娜丽莎的妹妹——珍妮玛莎 ,减钱上1000plus ,当看到售价时候我啥话也没说，直接在网站上订购了1000万部，只在订单上备注了我的qq号。没过两天，我的qq响了，一看是任正非请求添加好友。我笑了笑，别人千方百计想认识的人，我只花了250亿。任正非说了，兄弟，以后你来深圳就找我。听懂掌声。 ,割完最后一波，趁早完蛋 ,这么多的描述就不提处理器 ,搞得旗舰机就值得买一样...要啥啥没有 6000元买转子马达[抽烟] ,这个标值2000 ,今天买了6+64  1699的X10感觉比这货值 ,天机800CPU卖2000+，给我一个不买小米K30至尊的理由 ,我到手就关震动，商务人士不用震动 ,难道骗小白就不能批评了吗... ,线下之王，mate30青春版！ ,红米K30尊享不香？ ,配置，我本来期待40了，但是现在没有必要等了。[黑线][黑线][黑线][黑线][黑线][黑线] ,CPU型号, ,老板跑路捞一笔 ,富婆也不用？ ,京东压根连。处理器型号都没有 参数就写的联发科 ,天机720 ,悲哀的华为，要完蛋了 ,不就是麒麟天玑720吗？瞧你们热闹的，难道HIAWEI这个标不值钱？ ,MediaTek MT6853 5G ,你都来这了，不知道华为nova.荣耀数字和v系列？ ,看到评论我就放心了。 ,这各种720组合韭菜割的看不起国人智商，ov厂妹机的话差不多这个要叫民工机了 ,对啊，1699的720p屏幕， ,（还没到三星的价位），苹果只有a13和wifi6等小升级就敢卖三千多的se被夸性价比高，华为阉割充电等的p40四千就是,让每一个中国人都能用的上华为 ,所以线下不懂的人就活该被坑？ ,畅享10e后继有人 ,说得好像三星a系列不是电子,华为国产，小米就不是国产了？堆别家厂商的零部件谁不会 ,虽然被制裁，但是也不能胡混对吧 ,我去，不会吧720的屏幕？ ,三星s note系列贵，那是消费者的问题，a系列电子,线下oppo reno4 8+128 2600 ,哈哈，看见大家骂它我就放心啦 ,我愿称之为电子,cpu720，屏幕720p。。。无语 ,历史上最黑的品牌。高价低配令人发指 ,就是不提处理器是什么的，,  ,。 ,分析师都说了，华为要玩完 ,最后一批爱国韭菜，不割白不割 ,这价格，这配置点值的不是水军我不信 ,2000档年度圾皇 ,天机720卖2300起？牛*，还是,爱国是无价的 ,我一直希望国内各个行业多出几家有华为这种实力的公司，也挺为华为目前的遭遇深感不公，但这次有点过分了 ,，华为智慧屏因为名字被日常嘲笑，苹果视网膜屏幕那可真的是高大上，某些人双标玩的别太明显了 ,我本来还想支持支持的，但是你这叫我怎么支持？本来就是低端系列都卖这么贵还用的这么,让你们瞎说什么市花 , 你可以对比差距 ,做工好，信仰加持，还有啥优点来着？ ,这cpu？这屏幕分辨率？这价格？这是连韭菜的根都要一起割了？ ,华为除了旗舰机，其他的都不建议买！！！ ,资本家的本质是不会变化的，吸血鬼 ,我翻了三次愣是没有找到 ,虽然大家爱国，但华为也不能高价卖电子,这价格上k30u不好吗？ ,喷？ ,你买我推荐！！！ ,这次割的不是韭菜，是韭中韭霸，听懂掌声 ,纳米镀膜是啥材质？ ,也闭口不提，麦芒畅享系列一定要喷到华为为止，p mate系列贵就是",https://www.smzdm.com/p/24490386/,新品发售 : HUAWEI 华为 畅享20 Plus 5G智能手机 6GB+128GB
"那时候你会想买新的机器啦 ,拍照还是三星水果。。。 ,明年618希望能冲[吐舌][吐舌][吐舌][吐舌][吐舌] ,应该是苏宁吧，京东毛活动都没有 ,果然是很久没看手机里 ,我现在用的华为mate30Pro  也没感觉拍出来很棒，感觉比我上一部小米6也没提升多少[大囧] ,好久没看手机了，小米现在都怎么贵了吗，不是走性价比路线的吗，记得以前旗舰顶配也才3k左右 , ，发热是有，可是不至于网上说的那么夸张到暖手宝的程度吧 , 别说你身边一个用建行信用卡的人都找不到，而且持续很久了，自己办一张也来得及吧 , ，起床的时候电量剩下10%左右，插入充电，起个床洗漱的时间就能充到90%左右 ,下午刚买的交行12+256  立减300+12期免息，明天到手 ,我8行第二次申请 建行批了…… ,你不退货，还可以领略下小米的,深圳线下5650购入，未翻车 ,简直笑话。米10至尊秒天秒地的拍照，有本事就对比。跟华为ppp不妨多让。 ,哪里有啊，老哥 ,首发预订入手到现在 ,首发预订入手到现在[邪恶]，发热是有，可是不至于网上说的那么夸张到暖手宝的程度吧[皱眉]。我也曾经用过P40 PRO+,感觉使用温度都差不多[亲亲],当然拍照方面是华为的P40 PRO+好点[邪恶]，对于我来说这机器最大的亮点是120W快充[不出所料]，起床的时候电量剩下10%左右，插入充电，起个床洗漱的时间就能充到90%左右[脸红]，在实际生活中还是很方便的，用了就回不去了[脸红] ,明年618希望能冲 ,刚退了，发热厉害，简直就是暖手宝，费电！重！外加我买了个问题货，nfc无法使用，这品控，这价格一言难尽 ,自营用建行信用卡5799吧[抠鼻]别说你身边一个用建行信用卡的人都找不到，而且持续很久了，自己办一张也来得及吧 ,都一个意思，都是噱头 , ，对于我来说这机器最大的亮点是120W快充 ,售后，当年首发入手小米8，碰到闪屏门，保险期内反复划水维修5次，不肯换新手机，不肯更换主板，屏幕，过保修期没有一个月又坏了，让你自费维修，多好的售后服务 ,建行-200加上24期免息还是很值的 ,自营用建行信用卡5799吧 ,黄牛报价5420 ,线下到手，只有透明的8+256版本，12g版本没有。官方价，但是送东西，直接抵现买了50w的无线。夜间拍照再未升级新版本前极限高光压制差点意思，光晕太明显。另外120倍变焦实用性一般，手持基本就是看个糊，抖的不行。拍月亮50倍就可以了。所以120变焦真的有点太抽数，或者就是为了堆料。导致广角在最下面。至于发热问题，不是暖手宝，但是真的热，相比之前用的note3几乎发热是我背部没了，然后长时间抖音后的温度。这个问题真别否认，就是事实。另外高刷续航头天真的不行，玩了一会儿就开始掉电。但是充电速度真的快，不过你会背着充电头到处跑吗？不过你问我值不值得买，我只想说感谢友商的衬托，这机器性价比真的到位，拍照也能满足。所以早买早享受。毕竟看看10 pro才跌多少就停产让路了。所以机器短时间贬值率不会太高的 ,明年618就买小米11了，到时候屏下一出，再买这个就感觉有点落后了 ,希望1年内跌到4千以内 ,米11貌似还是挖孔。估计屏下是mix…… ,已售罄................................... ,之前的小米旗舰啥配置？现在啥配置？纵向比没有可比性的话，就和三星苹果横向比一下，买手机买的不只是牌子 ,和这个也只差60啊，不多呀 ,小米的摄像不论堆多少料，拍出来总是差点意思。 ,国产现在都这么膨胀的吗？ ,发热严重，整个就是暖手宝 ,米6拍照是真不行，上课拍个板书都糊成啥样了，和mix2s都没得比了 ,最低配可能，其他不太可能 ,  ,这才几天就少了111 ,我现在用的华为mate30Pro  也没感觉拍出来很棒，感觉比我上一部小米6也没提升多少 ,你这话让我握紧了手里的米6 , 。我也曾经用过P40 PRO+,感觉使用温度都差不多 ,第三方的还是算了 ,上午就看见说京东交行立减300，但下单没有看见。。。。 ,建行忌讳多行，超5行信用卡再申请建行基本没戏 , ，在实际生活中还是很方便的，用了就回不去了 ,怎么买呀，交行 , ,当然拍照方面是华为的P40 PRO+好点 ,下雨的那点水肯定防得了 ,缺个防水啊，有防水早买了，现在选择等等水果。下雨天防水还是很有必要 ",https://www.smzdm.com/p/24488924/,MI 小米10 至尊纪念版 5G智能手机 12GB+256GB
"被砍单3次，怒打不值。 ,超出配送范围，想买买不了 ,给家长买6g就够用了，用个微信不至于卡。要要游戏中体验还是k30毕竟120刷新和骁龙 ,买华为啥 说清楚 ,等不到1299的k30了，给老人买这个凑合用 ,他家开不了增票，要不然价格低 ,被砍单5次 ,同价位的 华为也就X9和5Z了吧 但是真没这个香 ,正在用，一切正常 , 紫薯布丁 ,等！必须等！ ,等不到1299的k30了，给老人买这个凑合用[苦恼][苦恼] ,千万别买白色 丑的1B ,一千积分88元开 ,红米note8pro跟这货比咋样 我看可以选8+128 再加个10块撸的夏新64G存储卡 给老妈聊微信拍照够了吧 ,反应特别慢，经常卡顿 ,这价格不如买p40 pro+分12期 ,王一博都不会用的手机 ,999绝对不能再多了 ,天猫超市，1499，88会员95折，1424元，今天天猫超市卡充值1188送53元，充值299送8元，折合充值1487送了61元。实际到手1363元，虽说有人说是第三方发货，我觉得还是比拼多多靠谱一点？昨天还有下单立减50，我错过了。之前买了一台到了，没问题全新未拆。今天又买了一台。 ,刚需可入，不着急可以等后面起码能降200 ,有没有256g的，性价比高的？ ,256没性价比，建议128够用 ,这价钱你能买到华为？ ,5g手机现在都这么便宜了吗 ,4g版的吗 ,  ,官网咋蹲的？求分享 ,买了一只白色。一只蓝色，磨砂玻璃质感，白色会泛紫光，1349，有两家店在做百亿补贴活动 ,88会员额外要888元开。 ,华为 他不香吗？ ,什么牌子你说一下 ,这个价格还不如买别的牌子的呢 ,前几天在官网蹲了个1349的k30,可惜6G带miui12属实不理想。 ,昨天买的8加128，1549。贼坑了 ,我还想1199。。。1099。。。999呢！,爱国 ,1150买了二手的，上一家买了两周。感觉挺好的，玩王者也够，用起来也不怕摔 ,为什么我用起来有时候会很卡？续航也不大行，比我用了一年多的k20pro强不了多少 ,那肯定的，一博用iPhone ,话说，唯一的区别是主摄像头，怎么安兔兔跑分低了3万分？ ,华为呀  紫薯布丁 ",https://www.smzdm.com/p/24486148/,百亿补贴 : Redmi 红米 K30i 5G智能手机 6GB+128GB
"价格战要来了吗？ ,我这里批发价5040 ,5599 5678 ,你我800 ,唯一缺点就是掉电太快了 ,太厚！！！ ,你我200 ,本质上和10pro差别不大，但是贵了一两千 ,不敢买zsbd ,说一个不重的超大杯来？ ,手机值得买，用起来真香。第三方卖家，这价格不如就去官方买。 ,机身重量方面，小米10至尊纪念版全面向“索半斤”看齐，净重达到了221.8克，若再戴个手机壳、贴块钢化膜，重量直逼半斤。 ,其实ppp也是很厚很重 ,有没有便宜的k30 pro啊 ,如果想买  可以去门店看看  发热不爽 ,不是苏宁自营啊 ,明年会涨价么 ,太厚太重了 ,不是自营的话不算是好价啊，等PDD的百亿补贴吧 ,晚上待机掉点快的话，把系统自带的“健康”卸载了就行 ,系统下载完整更新包  你会发现有惊喜 ,有点夸张，这个速度 ,先加价600给你减300 ,看清楚，先提价了 ,比华为p40pp，苹果12pm,三星s20u轻 ,有，amd的显卡，因特尔的cpu ,你是用不起pro max吗？看看重不重。 ,你那四个哪里？ ,四千八某鱼买了x2 pro我觉得比这个值 ,这个性价比根本不如小米10，小米10系列都三个月就降价了三四百，这个降价降得更快 ,疯了吧，小米而已 ,我也是掉电快，不知道是不是刚换手机相册后台同步 ,机身重量方面，小米10至尊纪念版全面向“索半斤”看齐，净重达到了221.8克，若再戴个手机壳、贴块钢化膜，重量直逼半斤 ,oppo算了吧。首发买了个8+256的findx2，比小米10pro同配置贵多了。前两天咸鱼才卖出去，只卖了3200，还不够买一个小米10pro的。 ,你在开玩笑？一加8是超大杯吗？一加都没有超大杯。已发布的超大杯三星S20U、华为P40ProPlus、苹果iPhone11ProMax，米10至尊，哪个不是220g以上？ ,开始 降价了吗？ ,电子产品还有不跌价的？ ,这是256啊大哥们，等12+256的 ,明年会降价吗？ ,  ,第三方，还提价后用券，还不如自营用建行信用卡一样5399 ,你的有没有觉得掉电比较快？我的掉电很快，不知道个案还是都这样 ,一加8  200克不到 ,上月5799元入了12g+256g,建行减了200加上12期免息，120W闪充是真香，刷新率很流畅，玩在看旧手机不忍直视，早买早享受，目前代表着最高科技 ,玩不了多久  发热  一般玩王者荣耀 一个小时三十电这样 ,见仁见智咯。萝卜青菜各有所爱 ,小米10至尊版221g,华为p40pro+  226g,用几天就习惯了，不会在乎那二三十克重量 ,来一次我问一次，导航正常吗？一导航就是信号弱 ,除了120w没啥科技吧 ,真的重啊 苹果都嫌重了 这个还更重 ,目前自用12+256，什么都好就是太厚重了。用了几天再看旧机6SP,觉得好不习惯，那个上下大黑边 ,价格战要来了吗？[高兴] ,一直玩能用多久 ",https://www.smzdm.com/p/24477514/,MI 小米10 至尊纪念版 5G智能手机 8GB 256GB
"学生认证的确是好价 ,可以分期啊 这个时间一个月几百块 ,港版6400可以到手[黑线] ,淘宝7428入了，再花312块找了个跑腿确实香，但跑腿确实全靠信任 ,我在7428销量最高那店买的，但现在刹那家的价钱也不错 ,学生买这？ ,三星：我太难了 ,双十一 6199一定买 ,棒子的手机好贵啊 ,你  我   5999 ,还好已经毕业很多年了，否则又有可能中了这个什么计哈哈 ,还有这么多人用三星啊 ,面部识别就是摆设。拍照很一般。入手两个多月了。信我。 ,苏宁首发前就这价格。。不过镜头进灰，电池5小时，充电缩水 ,电池真的不行，充电慢死，耗电快死 ,现在的学生，不用旗舰机都不好意思说自己在上学 ,咋搞学生验证啊 小学生可以吗？ ,支持你，布丁 ,有24免息分期还可以 ,铜色，说是9月10前登记都有。我已经登记了，就等耳机发货了 ,老哥，你买的是帮你代领还是需要自己找跑腿 ,已入手港版7428 还送耳机 ,有香港的朋友代拿 ,哪个店？靠谱吗 ,学生用着手机，还是学生吗？ ,这波操作很变态啊…，这是让为人父母难堪？学生用1⃣️W手机？ ,用的用的就爆炸了 ,不是很贵，但是给学生刮消费主义的风不好吧 ,他指的耳机回血 ,再降一点啊，6999交个朋友 ,这是NOTE 20u不是NOTE 20 ,只要说明可以登记领耳机的应该都是真发票 ,带个路啊！ ,我是差那60块钱的人吗 我差的是6000 ,京东比拼多多便宜？[狂汗] ,学生价……现在的学生真有钱 ,关注你了，希望别打脸 ,如何进入学生价格？ ,  ,5999等着你 ,学生都用这么贵的手机吗？ ,苏宁一直是这个价格吧？ ,只能发香港地址哦 ,没看到有学生认证的地方啊 ,这评论里有些人对于价格真的应该多见见世面 可怕 ,我读书的时候领国家助学金的买最新的诺基亚旗舰，花几大千买游戏账号。真正穷的羞于开口，从来没去申请。 ,五千，五千绝对交个朋友。 ,7000我绝对下手。 ,耳机应该需要自己领吧，网上的页面填了嘛，顺丰那一页可以选择内地嘛 ,因为喜欢这种方方正正棱角分明的机型还有想玩spen所以入了 ,我也7428入了，顺丰地址只能寄香港范围吧，我准备让我朋友去拿再用寄过来 ,京东比拼多多便宜？ ,什么颜色的？我才下单，怕来不及登记耳机 ,也就学生能用的起 ,刚发布一个月你用了两个月？ ",https://www.smzdm.com/p/24500240/,SAMSUNG 三星 Galaxy Note20 Ultra 5G智能手机 12GB+256GB 迷雾金
"3天就有问题，直接申请售后呗，肯定可以解决的 ,那你可能盲了 ,不是我说，能卖出去就见鬼了 ,找当地售后  我们这有个鬼售后  ,线下mx5到手不到一星期电池鼓包。售后说是我摔的，然而手机连摔的痕迹都没有，从此不再觉得魅族好 ,  我买来三天。无限重启 售后不管   再不买魅族。 ,边框确实是有点宽，左右边框比16xs要宽一些，单看正面，还是16系列更好看一些。 ,再等下双11，手上的苹果还没坏 ,2599交个朋友 ,魅族手机从M8开始一直用，真的用户粘性很高，很多设计非常有心思，很人性化。但是！自从去年16spro屏幕碎了，碎屏险寄回去修了一个多月才给我寄回来之后，真的不太敢买了…魅族现在最大的问题在于线下基本没有，包括售后和体验中心，销量很难上去，上不去就没有上下游的话语权，最后就啥都赶不上热乎的，然后销量就更上不去，恶性循环… ,你见鬼了？ ,见到你了啊 ,多多3499买的。。。 , ,魅族的手机颜值一直在线，设计上也有追求。但现在销量太少，面临生存问题，系统维护、售后都存在隐患。不敢买了。 ,夕夕此刻3299 ,618 PDD上3199买的8+128的独角兽，安全下车，给老爹当老人机用的，整体上还是很不错的。,手机要什么售后[高兴]，16s用了两年自己屏幕后盖换了个遍，买的白色的现在换的前后全黑 ,嗯，够暴躁的 ,2999我一定会考虑 ,哈哈，暴躁老哥，我喜欢[惊喜] ,投票没输过，销量。。。 ,好几年没买过超过2千的手机了，喜欢魅族可惜今年没千元机了，16x换个电池继续用。 , ，16s用了两年自己屏幕后盖换了个遍，买的白色的现在换的前后全黑 ,千万别买 质量太差了。   谁买谁后悔[喜极而泣][喜极而泣] 我买来三天。无限重启 售后不管   再不买魅族。 ,鬼没找你？ ,  ,用了3年的MX6上周突然无限自动重启（甚至不能关机），刷系统也无法恢复后决定去实体店看看是否还有16T或16SP，结果围着所在城市转了大半圈，3家线下店都关门了……虽然觉得魅族还挺好用，但是3500以上又下不了手。今年也不出2K价位的手机了，可惜…… ,MP3时期倒腾过四五个，最后遇到了miniplayer，觉得完美啊。手机是从mx4 pro开始用的，每代旗舰都体验过，到两个月前的17和现在手持的17 pro。怎么说呢？问题肯定有，但我觉得都不是什么大问题。关于售后，一家六口人都用的，总共坏过一次听筒，送修的，立等即取，摔碎过一次屏，但是给上门更换了。而且这手机用起来挺趁手的，功能细节都挺喜欢，所以也没觉得需要换别的什么手机。鬼族，就鬼族吧 ,从mx4开始一直用魅族，不出意外下部还会是，但我在等1999 ,这智能手机确实够用 ,这个价格真棒 ,我的16x上市才两年，16s是19年上市吧 ,想想魅族钱包就哇凉哇凉的了！ ,为啥还不降价啊 ,等个2499 ,哈哈，暴躁老哥，我喜欢 ,快要凉凉了 ,16th流畅使用中，福来米8.1-- 8.15版本简直完美。,坐等双十一2599 ,千万别买 质量太差了。   谁买谁后悔 ,你看他评价和爆料,售后太差，把上海唯一一个维修点的服务人员全部开除 ,手机要什么售后 ",https://www.smzdm.com/p/24474451/,MEIZU 魅族 17 5G 智能手机 8GB 256GB
"不如港版，港版现在还送耳机。 ,学生价还能低 ,好价，现在就等快递退回了， ,双11 会有你要的价格 s20u有可能更低 ,怎么看学生价 ,刹那不是一直吹自己是真发票吗？ ,note9的电池都顶不住，不常开流量还好点 ,这家有512g迷雾金，价格也贵个四百。 ,我就想知道这个烧屏咋解决 ,围脖的刹那不是还行么，虽然我没买过 ,先成为学生认证的一员 ,这才刚刚开始，跳水星，请开始你的表演 ,韩版 港版 折算只要6000多而已，国行再等等吧，钱不是大风刮来的。 ,京东学生价更便宜，还送无线充电器 ,深圳的朋友到去当地门店购买用，市镇府补贴10%促进消费 ,6500等s20u或者note20u ,这个应该是 你  我  3000 ,等琼版出来，看免税后能少多少钱 ,我不管 我就买红米k30u ,这个国家的东西一律不值 ,假发票解毒 ,真的是太贵了 一个手机 不是我等能消费得起的啊 还是乖乖的等降价吧 我的note8应该还能坚持半年 ,  , 用了两年的note9 不到半年的时候就已经烧屏很厉害了。。 ,过了10号就没活动，而且要自己去香港取货，还是有一定成本的。 ,买吧 还等什么呢 ,京东比他还低几十块 ,你，我，200 ,你，我，200[装大款] ,到底是买这款好还是买S20 U好啊？？？哪位大神给指个路啊！！！ ,人家直接不敢跟你联系代取 你说呢？ ,还是港版香啊 ,还是国行省心。虽然三星国行售后也是稀烂 ,开始了开始了 ,毫无诚意，百亿补贴虽然木有便宜，好歹还送个红米note8 ,韩版用不了指纹支付，输密码，麻烦，港版不大清楚 ",https://www.smzdm.com/p/24474425/,SAMSUNG 三星 Galaxy Note20 Ultra 5G智能手机 12GB+256GB
"续航跟S20+差不多，不要迷信那个什么智能屏幕。 ,不如港版，港版现在还送耳机。 ,好香啊- -好想去买。。 ,学生价还能低 ,去掉增值税也得小8000 ,好价，现在就等快递退回了， ,线下8500拿的，虽然啥也不送。 ,双11 会有你要的价格 s20u有可能更低 ,怎么看学生价 ,刹那不是一直吹自己是真发票吗？ ,note9的电池都顶不住，不常开流量还好点 ,围脖的刹那不是还行么，虽然我没买过 ,这家有512g迷雾金，价格也贵个四百。 ,我就想知道这个烧屏咋解决 ,先成为学生认证的一员 ,港版7500还送？？？ ,这才刚刚开始，跳水星，请开始你的表演 ,韩版 港版 折算只要6000多而已，国行再等等吧，钱不是大风刮来的。 ,京东学生价更便宜，还送无线充电器 ,港版的7399送buds live，折算下来差不多6500不到！ ,昨天京东学生价就是8699 ,深圳的朋友到去当地门店购买用，市镇府补贴10%促进消费 ,6500等s20u或者note20u ,这个应该是 你  我  3000 ,等琼版出来，看免税后能少多少钱 ,我不管 我就买红米k30u ,这个国家的东西一律不值 ,假发票解毒 ,深圳的朋友到去当地门店购买用，市镇府补贴10%促进消费[高兴] ,note10+当时没多久就6199来 ,真的是太贵了 一个手机 不是我等能消费得起的啊 还是乖乖的等降价吧 我的note8应该还能坚持半年 ,在哪里可以享受？ ,淘bao国行8199 ,  , 用了两年的note9 不到半年的时候就已经烧屏很厉害了。。 ,把做笔的空间让给电池就好了，这续航也好意思叫note ,过了10号就没活动，而且要自己去香港取货，还是有一定成本的。 ,我不管 我就买红米k30u[高兴][高兴] ,应该很快6199吧 ,小米10至尊版不香吗 ,京东比他还低几十块 ,买你说的那款和买这款的应该是活在两个世界的人啊 ,加油哦，继续 ,你，我，200[装大款] ,到底是买这款好还是买S20 U好啊？？？哪位大神给指个路啊！！！ ,啥时候s20到4000以下啊 ,1080p非三星屏不知道香在哪里 ,还是港版香啊 ,还是国行省心。虽然三星国行售后也是稀烂 ,人家直接不敢跟你联系代取 你说呢？ ,开始了开始了 ,毫无诚意，百亿补贴虽然木有便宜，好歹还送个红米note8 ,韩版用不了指纹支付，输密码，麻烦，港版不大清楚 ",https://www.smzdm.com/p/24474425/,SAMSUNG 三星 Galaxy Note20 Ultra 5G智能手机 12GB+256GB
"深圳某房间：pa~让你当黄牛🐂 ,[皱眉]我寻思这是线下卖的，这个价很正常啊，同类竞品ov的也差不多。[邪恶]目标用户也不是咱们 ,减钱上1000plus ,能买这手机的怕是蒙娜丽莎的妹妹——珍妮玛莎 ,那你就再找找，天机720，屏幕720，LCD，无NFC，像素4800万，1/2英寸，我理解为欺骗老百姓。 ,当看到售价时候我啥话也没说，直接在网站上订购了1000万部，只在订单上备注了我的qq号。没过两天，我的qq响了，一看是任正非请求添加好友。我笑了笑，别人千方百计想认识的人，我只花了250亿。任正非说了，兄弟，以后你来深圳就找我。听懂掌声。 ,这么多的描述就不提处理器 ,这个标值2000 ,发哥的720 ,难道骗小白就不能批评了吗... ,线下之王，mate30青春版！ ,红米K30尊享不香？ ,CPU型号, ,京东压根连。处理器型号都没有 参数就写的联发科 ,天机720 ,不就是麒麟天玑720吗？瞧你们热闹的，难道HIAWEI这个标不值钱？ ,MediaTek MT6853 5G ,让每一个中国人都能用的上华为 ,所以线下不懂的人就活该被坑？ ,畅享10e后继有人 ,cpu720，屏幕720p。。。无语 ,就是不提处理器是什么的，,历史上最黑的品牌。高价低配令人发指 ,  ,分析师都说了，华为要玩完 ,最后一批爱国韭菜，不割白不割 ,这价格，这配置点值的不是水军我不信 ,爱国是无价的 ,天机720卖2300起？牛*，还是,我一直希望国内各个行业多出几家有华为这种实力的公司，也挺为华为目前的遭遇深感不公，但这次有点过分了 ,这cpu？这屏幕分辨率？这价格？这是连韭菜的根都要一起割了？ ,虽然大家爱国，但华为也不能高价卖电子,这价格上k30u不好吗？ ,资本家的本质是不会变化的，吸血鬼 ,LCD屏，服气 ,CPU提都不提 ,我翻了三次愣是没有找到 ",https://www.smzdm.com/p/24490386/,新品发售 : HUAWEI 华为 畅享20 Plus 5G智能手机 6GB+128GB
"当年第一台手机就是线下入的7plus ,深圳某房间：pa~让你当黄牛🐂 ,这个价位的天玑1000plus不香么 ,衬托的好啊 ,减钱上1000plus ,能买这手机的怕是蒙娜丽莎的妹妹——珍妮玛莎 ,那你就再找找，天机720，屏幕720，LCD，无NFC，像素4800万，1/2英寸，我理解为欺骗老百姓。 ,[皱眉]我寻思这是线下卖的，这个价很正常啊，同类竞品ov的也差不多。[邪恶]目标用户也不是咱们 ,当看到售价时候我啥话也没说，直接在网站上订购了1000万部，只在订单上备注了我的qq号。没过两天，我的qq响了，一看是任正非请求添加好友。我笑了笑，别人千方百计想认识的人，我只花了250亿。任正非说了，兄弟，以后你来深圳就找我。听懂掌声。 ,这么多的描述就不提处理器 ,这个标值2000 ,枭哥和朱一旦的终极缝合怪 ,难道骗小白就不能批评了吗... ,有钱人的生活就是这么朴实无华且枯燥 ,爱国韭菜必须顶啊！！ ,线下之王，mate30青春版！ ,红米K30尊享不香？ ,配置，我本来期待40了，但是现在没有必要等了。[黑线][黑线][黑线][黑线][黑线][黑线] ,CPU型号, ,别人这个配置都是999价位 ,京东压根连。处理器型号都没有 参数就写的联发科 ,天机720 ,畅享系列没性价比可以 ,不就是麒麟天玑720吗？瞧你们热闹的，难道HIAWEI这个标不值钱？ ,是你吗 mate30？ ,MediaTek MT6853 5G ,摄像头噪点严重 ,让每一个中国人都能用的上华为 ,这得多膨胀才能买这个机机 ,所以线下不懂的人就活该被坑？ ,畅享10e后继有人 ,730都比不上的U , 我寻思这是线下卖的，这个价很正常啊，同类竞品ov的也差不多。 ,历史上最黑的品牌。高价低配令人发指 ,就是不提处理器是什么的，,cpu720，屏幕720p。。。无语 ,  ,分析师都说了，华为要玩完 ,最后一批爱国韭菜，不割白不割 ,这价格，这配置点值的不是水军我不信 ,爱国是无价的 ,天机720卖2300起？牛*，还是,我一直希望国内各个行业多出几家有华为这种实力的公司，也挺为华为目前的遭遇深感不公，但这次有点过分了 ,华为标是真值钱。 ,我本来还想支持支持的，但是你这叫我怎么支持？本来就是低端系列都卖这么贵还用的这么, 目标用户也不是咱们 ,不不不，这个plus是对V5的，普通版是对V3的 ,这价格上k30u不好吗？ ,华为除了旗舰机，其他的都不建议买！！！ ,中兴屏下摄像头，不香么2100，昨天刚上市 ,虽然大家爱国，但华为也不能高价卖电子,这cpu？这屏幕分辨率？这价格？这是连韭菜的根都要一起割了？ ,资本家的本质是不会变化的，吸血鬼 ,配置，我本来期待40了，但是现在没有必要等了。 ,配置和999的v3大差不差的 ,LCD屏，服气 ,我翻了三次愣是没有找到 ",https://www.smzdm.com/p/24490386/,新品发售 : HUAWEI 华为 畅享20 Plus 5G智能手机 6GB+128GB
"昨晚上去华为专卖店问pro才1999呀 ,深圳某房间：pa~让你当黄牛🐂 ,[皱眉]我寻思这是线下卖的，这个价很正常啊，同类竞品ov的也差不多。[邪恶]目标用户也不是咱们 ,这定价牛皮。。。 ,能买这手机的怕是蒙娜丽莎的妹妹——珍妮玛莎 ,Pro版本不是720吧 ,那你就再找找，天机720，屏幕720，LCD，无NFC，像素4800万，1/2英寸，我理解为欺骗老百姓。 ,减钱上1000plus ,不值啊，坑小白的 ,当看到售价时候我啥话也没说，直接在网站上订购了1000万部，只在订单上备注了我的qq号。没过两天，我的qq响了，一看是任正非请求添加好友。我笑了笑，别人千方百计想认识的人，我只花了250亿。任正非说了，兄弟，以后你来深圳就找我。听懂掌声。 ,上个月发布的还有天玑800，现在连800都不用了？ ,嗯，因为这个牌子比较高级！ ,这么多的描述就不提处理器 ,这个标值2000 ,这不废话吗。有哪位知道边框是塑料还是金属，后盖是玻璃还是塑料？ , 张大妈海洋生物渗透率这么高... ,难道骗小白就不能批评了吗... ,线下之王，mate30青春版！ ,红米K30尊享不香？ ,CPU型号, ,京东压根连。处理器型号都没有 参数就写的联发科 ,天机720 ,不就是麒麟天玑720吗？瞧你们热闹的，难道HIAWEI这个标不值钱？ ,外形不错。价格...边框做工什么的谁给解读一下 ,MediaTek MT6853 5G ,让每一个中国人都能用的上华为 ,还是太便宜了  2999绝对卖爆！！！！！！！！！！！！！！！ ,熟悉的味道回来了！ ,所以线下不懂的人就活该被坑？ ,畅享10e后继有人 ,我去，不会吧720的屏幕？ ,cpu720，屏幕720p。。。无语 ,历史上最黑的品牌。高价低配令人发指 ,就是不提处理器是什么的，,搞得旗舰机就值得买一样...要啥啥没有 6000元买转子马达 ,  ,居然还有点值的，这是什么心态 ,分析师都说了，华为要玩完 ,最后一批爱国韭菜，不割白不割 ,摆不上台面的配置一个都没标，营销鬼才啊 ,这价格，这配置点值的不是水军我不信 ,天机720也不差啊，我这个realme v5挺好的 ,天机720卖2300起？牛*，还是,爱国是无价的 ,我一直希望国内各个行业多出几家有华为这种实力的公司，也挺为华为目前的遭遇深感不公，但这次有点过分了 ,X10的前面加mate40背面 ,畅想 啥都别想 ,老畅享了。 ,这都能点值？ ,这cpu？这屏幕分辨率？这价格？这是连韭菜的根都要一起割了？ ,华为除了旗舰机，其他的都不建议买！！！ ,虽然大家爱国，但华为也不能高价卖电子,这价格上k30u不好吗？ ,资本家的本质是不会变化的，吸血鬼 ,专坑线下中老年人，希望小米加油把华为的中低端机干趴 ,这都有35%的值率? ,LCD屏，服气 ,我翻了三次愣是没有找到 ",https://www.smzdm.com/p/24490386/,新品发售 : HUAWEI 华为 畅享20 Plus 5G智能手机 6GB+128GB
